kume,kol,kosul,alan,AUC,dAUC,GA alt,GA ust,DeLong p,net etki
Ic test,raw,lungs,0.24692886594742067,0.9895940500685871,0.00853587962962954,0.004487498928326459,0.013375557270233212,0.00021193043328371353,0.004050925925925819
Ic test,raw,non_lungs,0.7530711340525795,0.7798514660493828,0.21827846364883385,0.18916069208676262,0.24963978373628262,0.0,
Ic test,raw,corners,0.19140625,0.998119212962963,1.0716735253657461e-05,-0.001487080975651689,0.0013020833333334287,0.9880035230649482,-0.001328875171467736
Ic test,raw,border,0.2955994897959183,0.9895404663923182,0.008589463305898493,0.004583413708847692,0.013895184970850434,0.00015550972484090764,0.0042009602194788
Ic test,raw,subdiaphragm,0.28125,0.996141975308642,0.0019879543895746643,0.00013650441529501067,0.004187698259602229,0.05622013706508078,-0.0024005486968450285
Ic test,raw,upper,0.20089285714285718,0.9947514789094649,0.0033784507887517634,0.0012375150034293597,0.006463530949931391,0.008425284393303034,0.00203885888203037
Ic test,raw,center,0.19642857142857142,0.9961526920438958,0.001977237654320896,0.0006241158693415377,0.0036947284379287145,0.014892662865276352,0.0006376457475995023
Ic test,raw,rand_lungs,0.24695541600971985,0.993644975994513,0.00448495370370372,0.0017679933984910078,0.00775945216049379,0.0022774802638578784,
Ic test,raw,rand_20,0.1999703405125071,0.9967903377914953,0.0013395919067213935,-0.0006009409293551815,0.0035319680212619648,0.19569572454382533,
Ic test,raw,rand_30,0.29998110355253216,0.993741426611797,0.004388503086419693,0.0012456865140603318,0.008729316700960332,0.022113432671120314,
Ic test,roi,lungs,0.4062139924871858,0.97468707133059,0.022939171810699488,0.01591408393347046,0.031007399905692675,9.228900310631616e-09,0.012886874142661098
Ic test,roi,non_lungs,0.5937860075128141,0.965642146776406,0.03198409636488342,0.02270059049211249,0.043228228952331936,4.803195619018652e-10,
Ic test,roi,corners,0.19140625,0.9941057956104252,0.0035204475308642236,0.0010499721364882974,0.006920465749314144,0.017688003383409034,0.00238983196159126
Ic test,roi,border,0.2955994897959183,0.9914614411865569,0.006164801954732568,0.0023306219993141364,0.011568313828875245,0.005234560925671872,-0.0015030221193413906
Ic test,roi,subdiaphragm,0.28125,0.9905719521604939,0.0070542909807955745,0.003829826281721607,0.011347013245884767,0.00011202287611355999,-0.0006135330932783845
Ic test,roi,upper,0.20089285714285718,0.9954319915980795,0.0021942515432099574,0.0002998006687242871,0.004574773341049409,0.03804352666002142,0.0010636359739369938
Ic test,roi,center,0.19642857142857142,0.9938968192729767,0.0037294238683127645,0.0013528538665981277,0.006636472265088996,0.004657746262225482,0.002598808299039801
Ic test,roi,rand_lungs,0.4061389326238307,0.9875739454732511,0.01005229766803839,0.005349124442729669,0.015456613297325023,0.00011654059641630354,
Ic test,roi,rand_20,0.19995763062169314,0.9964956275720165,0.0011306155692729636,-0.0002921649948558869,0.002612338177297601,0.115763191431832,
Ic test,roi,rand_30,0.30001480437009875,0.9899584190672155,0.007667824074073959,0.00424530071159124,0.011710846407750322,7.012335801537262e-05,
Ic test,lung,lungs,0.4062139924871858,0.7394922410836762,0.25865912208504804,0.22604648919753076,0.2914503225737311,0.0,0.2269965277777779
Ic test,lung,non_lungs,0.5937860075128141,0.9967635459533608,0.0013878172153634072,0.0005733453360768914,0.0024755658436214135,0.0025439481089113425,
Ic test,lung,corners,0.19140625,0.9968117712620028,0.0013395919067213935,7.501714677637938e-05,0.003161436899862871,0.09307296293149436,-0.007255229766803928
Ic test,lung,border,0.2955994897959183,0.996565286351166,0.0015860768175581796,-0.00021513846021945778,0.003895801183127624,0.12227600945557926,-0.01600544410150917
Ic test,lung,subdiaphragm,0.28125,0.9947487997256516,0.0034025634430726592,0.0016957893947186608,0.005583686985596829,0.0004040733214945025,-0.01418895747599469
Ic test,lung,upper,0.20089285714285718,0.9969135802469136,0.0012377829218106484,0.00020897633744853538,0.002598808299039748,0.0349429115827129,-0.007357038751714673
Ic test,lung,center,0.19642857142857142,0.9961687671467765,0.0019825960219477246,0.0006830579132373144,0.0036465031292867594,0.007898714646385141,-0.006612225651577597
Ic test,lung,rand_lungs,0.4061838901142054,0.9664887688614541,0.03166259430727014,0.022214720507544625,0.04180089377572025,1.170565866459583e-10,
Ic test,lung,rand_20,0.1999365474271306,0.9895565414951989,0.008594821673525321,0.004274905692729744,0.014194583762002642,0.00050938205277129,
Ic test,lung,rand_30,0.300000064587467,0.9805598422496569,0.01759152091906735,0.010968042695473353,0.0253035515260631,2.4743708613161886e-06,
RSNA,raw,lungs,0.2357132892219388,0.894952,0.028887999999999914,0.010119999999999959,0.049529999999999935,0.00449744139359276,-0.01319199999999987
RSNA,raw,non_lungs,0.7642867107780612,0.804592,0.11924799999999991,0.08301999999999998,0.1516567999999999,3.2657432313953905e-11,
RSNA,raw,corners,0.19140625,0.9134080000000002,0.010431999999999664,0.0009268000000000388,0.020645400000000102,0.04433468402848417,-0.009200000000000097
RSNA,raw,border,0.2955994897959184,0.9022399999999999,0.021599999999999953,0.009499400000000064,0.03455480000000013,0.0006851668398963895,-0.04353600000000002
RSNA,raw,subdiaphragm,0.28125,0.9085920000000001,0.015247999999999817,0.004554200000000061,0.02682820000000002,0.00604240881875473,-0.049888000000000154
RSNA,raw,upper,0.2008928571428572,0.896984,0.02685599999999988,0.013691800000000042,0.04211239999999987,0.00024019724869916992,0.007224000000000119
RSNA,raw,center,0.19642857142857145,0.9034879999999998,0.020352000000000037,0.006931000000000106,0.03404979999999982,0.003918243548592937,0.000720000000000276
RSNA,raw,rand_lungs,0.23568459024234692,0.8817600000000001,0.042079999999999784,0.022993000000000124,0.06128260000000002,9.217491412583101e-06,
RSNA,raw,rand_20,0.1999722576530612,0.9042080000000001,0.01963199999999976,0.004227799999999957,0.03434560000000003,0.010901230089267022,
RSNA,raw,rand_30,0.29996922831632655,0.8587039999999999,0.06513599999999997,0.04159679999999991,0.08928520000000005,7.645991129123786e-08,
RSNA,roi,lungs,0.3990211256377551,0.8417760000000001,0.08213599999999999,0.05166080000000004,0.11457960000000005,1.7890643477791457e-07,0.026023999999999936
RSNA,roi,non_lungs,0.6009788743622448,0.870016,0.053896000000000055,0.026355999999999935,0.08298219999999999,0.00022967058248379857,
RSNA,roi,corners,0.19140625,0.9154880000000001,0.008423999999999987,-0.004064399999999957,0.020767399999999984,0.20616391208731955,-0.000408000000000186
RSNA,roi,border,0.2955994897959184,0.9002,0.023712000000000066,0.008763799999999993,0.039286999999999864,0.002093508272596134,-0.005152000000000045
RSNA,roi,subdiaphragm,0.28125,0.90832,0.01559200000000005,0.004095199999999988,0.027016800000000035,0.006202389811828857,-0.013272000000000062
RSNA,roi,upper,0.2008928571428572,0.893584,0.03032800000000002,0.011086800000000096,0.049500599999999936,0.001453601427928941,0.02149599999999985
RSNA,roi,center,0.19642857142857145,0.91168,0.01223200000000002,-0.0019055999999998958,0.026890399999999953,0.09717733538418716,0.0033999999999998476
RSNA,roi,rand_lungs,0.39903196747448977,0.8678,0.05611200000000005,0.030343599999999922,0.08175699999999998,2.1909762042637837e-05,
RSNA,roi,rand_20,0.19995910395408162,0.9150799999999999,0.008832000000000173,-0.004440400000000053,0.021989400000000003,0.1896309190902934,
RSNA,roi,rand_30,0.3000457190688776,0.895048,0.028864000000000112,0.009603400000000003,0.04910939999999992,0.0055449038407831,
RSNA,lung,lungs,0.3990211256377551,0.6821599999999999,0.2542800000000002,0.2079899999999999,0.3005293999999999,0.0,0.14932000000000023
RSNA,lung,non_lungs,0.6009788743622448,0.923096,0.013344000000000023,0.004880000000000042,0.02202020000000004,0.002694649752861711,
RSNA,lung,corners,0.19140625,0.932712,0.0037280000000000646,-0.004500199999999949,0.011722399999999942,0.3608844186120641,-0.03993600000000008
RSNA,lung,border,0.2955994897959184,0.9303119999999999,0.006128000000000133,-6.599999999994932e-05,0.012131199999999955,0.04553257022529511,-0.06570399999999987
RSNA,lung,subdiaphragm,0.28125,0.915728,0.020712000000000064,0.007039199999999935,0.03382640000000001,0.0022027495497756178,-0.05111999999999994
RSNA,lung,upper,0.2008928571428572,0.922248,0.014192000000000093,0.005828799999999893,0.023356999999999926,0.0022251093332488203,-0.029472000000000054
RSNA,lung,center,0.19642857142857145,0.9320559999999999,0.0043840000000001655,-0.0029250000000000387,0.012970799999999956,0.2580919898859375,-0.03927999999999998
RSNA,lung,rand_lungs,0.3990152264030612,0.8314800000000001,0.10495999999999994,0.07719639999999998,0.13378139999999994,2.829958489769524e-12,
RSNA,lung,rand_20,0.1999403300382653,0.8927759999999999,0.04366400000000015,0.026247600000000003,0.06245379999999994,9.846763782128676e-07,
RSNA,lung,rand_30,0.30001339285714285,0.864608,0.07183200000000001,0.04853539999999998,0.09716459999999992,9.875252171553939e-09,
NIH,raw,lungs,0.23678136957908164,0.6610320000000001,0.03018399999999999,0.002266999999999942,0.056649199999999865,0.031067047164223593,0.022904000000000035
NIH,raw,non_lungs,0.7632186304209183,0.631792,0.05942400000000003,0.012593199999999943,0.10446719999999993,0.012402247795394006,
NIH,raw,corners,0.19140625,0.708184,-0.016967999999999983,-0.035138400000000056,-0.00035199999999990794,0.0614750316240098,-0.03232800000000002
NIH,raw,border,0.2955994897959184,0.695544,-0.0043279999999999985,-0.024979999999999992,0.01590859999999992,0.6854278993468033,-0.023760000000000003
NIH,raw,subdiaphragm,0.28125,0.6865359999999999,0.0046800000000001285,-0.013587399999999927,0.022373,0.6032936330307157,-0.014751999999999876
NIH,raw,upper,0.2008928571428572,0.692904,-0.0016879999999999118,-0.023528799999999937,0.020677800000000014,0.8791324120851844,-0.017047999999999952
NIH,raw,center,0.19642857142857145,0.6894239999999999,0.0017920000000001268,-0.017527799999999923,0.021581799999999977,0.8614170704669935,-0.013567999999999913
NIH,raw,rand_lungs,0.23677192283163265,0.6839360000000001,0.007279999999999953,-0.020895000000000018,0.035465799999999964,0.6286030287249409,
NIH,raw,rand_20,0.19999796715561227,0.675856,0.01536000000000004,-0.009790600000000016,0.04067699999999992,0.221409442689668,
NIH,raw,rand_30,0.2999818239795919,0.671784,0.019432000000000005,-0.013249999999999876,0.051709800000000083,0.22990856022346828,
NIH,roi,lungs,0.398201849489796,0.6291120000000001,0.06619199999999992,0.026285599999999975,0.10599339999999995,0.0007061714679652553,0.01006399999999985
NIH,roi,non_lungs,0.6017981505102041,0.679264,0.016040000000000054,-0.023341599999999917,0.05470359999999981,0.4114460515516849,
NIH,roi,corners,0.19140625,0.70452,-0.009216000000000002,-0.027804199999999998,0.009680399999999962,0.32716241800013424,-0.015008000000000132
NIH,roi,border,0.2955994897959184,0.698232,-0.0029279999999999307,-0.028112999999999968,0.02240900000000001,0.8225748170240885,-0.02076
NIH,roi,subdiaphragm,0.28125,0.7044480000000001,-0.009144000000000041,-0.02931239999999994,0.01150060000000011,0.36370501320291604,-0.02697600000000011
NIH,roi,upper,0.2008928571428572,0.6891759999999999,0.006128000000000133,-0.017121400000000016,0.028018599999999942,0.600193819060314,0.00033600000000000296
NIH,roi,center,0.19642857142857145,0.6951039999999999,0.000200000000000089,-0.018254800000000036,0.018602799999999937,0.9834927322459981,-0.005592000000000041
NIH,roi,rand_lungs,0.3981747050382653,0.639176,0.05612800000000007,0.022475000000000044,0.08979059999999991,0.0013601292257350295,
NIH,roi,rand_20,0.19995778858418367,0.6895119999999999,0.00579200000000013,-0.014270200000000061,0.025020200000000034,0.5674447693415636,
NIH,roi,rand_30,0.30003101084183675,0.677472,0.01783200000000007,-0.006445399999999943,0.044134199999999936,0.17165469546711853,
NIH,lung,lungs,0.398201849489796,0.602176,0.10296000000000005,0.049310199999999915,0.15937640000000008,0.00019953462288446744,0.03117599999999998
NIH,lung,non_lungs,0.6017981505102041,0.6932879999999999,0.011848000000000192,0.0012632000000001532,0.023112800000000124,0.03683232628331656,
NIH,lung,corners,0.19140625,0.700752,0.0043840000000000545,-0.007244000000000081,0.015591000000000086,0.4555741993739726,-0.015576000000000034
NIH,lung,border,0.2955994897959184,0.699608,0.005528000000000088,-0.00250859999999995,0.014353199999999962,0.1877057943246878,-0.03068800000000005
NIH,lung,subdiaphragm,0.28125,0.6684239999999999,0.03671200000000019,0.01924719999999999,0.05522439999999999,6.038776680639124e-05,0.000496000000000052
NIH,lung,upper,0.2008928571428572,0.695528,0.009608000000000061,-0.0018035999999999688,0.020542200000000052,0.1015137343804593,-0.010352000000000028
NIH,lung,center,0.19642857142857145,0.697056,0.008080000000000087,-0.0032187999999999353,0.019735999999999976,0.176678888623244,-0.011880000000000002
NIH,lung,rand_lungs,0.39817873086734695,0.633352,0.07178400000000007,0.033607399999999975,0.10770439999999987,0.00014746705855261943,
NIH,lung,rand_20,0.1999485012755102,0.685176,0.01996000000000009,-0.003197800000000031,0.04129800000000004,0.0815557017092885,
NIH,lung,rand_30,0.3000233976403061,0.66892,0.03621600000000014,0.004307800000000037,0.06853139999999988,0.02585519097527378,
